insert into TAGS
values ('Frozen'),
('Dessert'),
('Produce'),
('Energy'),
('Powers'),
('Made by hand'),
('Fruit'),
('Vegetable'),
('Vegan'),
('Vegatrian'),
('GMO Free'),
('Kosher'),
('Dairy'),
('Meat'),
('Gluten Free'),
('Grain'),
('Pork'),
('Beef'),
('Lamb'),
('Organic');

insert into BRANDS
values ('Haagen-Dazs'),
('Coco-Cola'),
('Pepsi'),
('Chef Boyardee'),
('Green Giant'),
('Hunt''s'),
('Wonder Bread'),
 ('Nature''s Own'),
 ('Keebler Company'),
 ('Famous Amos'),
 ('Gerber'),
 ('Betty Croker'),
 ('Baskin Robbins'),
 ('Krispy Kream'),
 ('Chips Ahoy!'),
 ('Kinder'),
 ('Oreo'),
 ('Ritz'),
 ('Triscuit'),
 ('Nesquik'),
 ('Killer Shake'),
 ('Swiss Miss'),
 ('Cheez It'),
 ('Mother''s Pride'),
  ('Mars Muffin'),
  ('Belvita'),
  ('Teddy Grahams'),
  ('Triscuits'),
  ('Wheat Thins');
 
insert into CERTIFICATIONS
values ('Vegetarian'), ('Vegan'), ('American Grass Fed'), ('Animal Welfare Approved'), ('USDA Organic'), 
('Food Alliance Certified'), ('Salmon Safe'), ('Soil Association Certified Organic'), ('Marine Stewardship Council'), 
('Rain Forest Alliance Certified'), ('U.S. Department of Commerce Dolphin Safe'), ('Fair Trade Certified'), 
('Bird Friendly'), ('Fair Trade Federation'), ('Free Range')
insert into DISTRIBUTORS
values ('1','A&B Distributors','1001001000','1 main street'), ('2','A&B Distributors','1001001000','123 purple street'),
('3','Red Distributors','1001001001','2 smith street'), ('10','K Distributors','1001001010','200 pink street'),
('4','C Distributors','1001001002','3 blue street'), ('11','L Distributors','1001001500','450 cool street'),
('5','D Distributors','1001001003','4 red street'), ('12','M Distributors','1001006000','479 main street'),
('6','E Distributors','1001001004','5 green street'), ('13','N Distributors','1001001800','970 high street'),
('7','F Distributors','1001001005','6 south street'), ('14','O Distributors','1001001700','11 high street'),
('8','G Distributors','1001001006','17 main street'), ('15','P Distributors','1001071000','34 13th street'),
('9','H Distributors','1001001007','453 yellow street'), ('16','Q Distributors','1001041000','54 14th street'),
('19','I Distributors','1001001080','345 sunny street'), ('17','R Distributors','1202001000','65 15th street'), 
('20','J Distributors','1001001009','1220 orange street'), ('18','S Distributors','1501501000','1302 16th street')
insert into MAKERS
VALUES ('Nestle','595-454-3059', '123 purple street'),
 ('Dean Foods', '746-985-9846','970 high street'),
 ('Dunkin'' Brands', '984-987-4637','54 14th street'),
 ('Washburn-Crosby Company', '983-986-3562', '34 13th street'),
 ('Flowers Foods', '746-984-0498', '34 16th street'),
 ('Nabisco', '983-678-0936', '38 12th street'),
 ( 'Wally Amos', '367-987-5647','39 19th street'),
 ('Ferro SpA', '974-984-9473', '64 25th street'),
 ('Gilliam Candy Compnay', '984-098-4563','25 5th street'),
 ('Mondelez International', '943-838-9403', '55 55th street'),
 ('ConAgra Brands', '984-827-0927', '100 15th street'),
 ('Coca-Cola Company', '672-927-0947', '635 3rd street'),
 ('Danone North America', '094-984-9394', '63 10th street'),
 ('Keebler Company', '783-097-9387', '77 13th street'),
 ('British Bakeries', '387-093-9389', '12 35th street'),
 ('Krispy Kreme Doughnuts Inc,', '983-093-8938', '45 9th street'),
 ('McVite''s','987-377-3039', '534 5th street'),
  ('Cadbury', '377-947-0938', '644 23rd street'),
  ('United Biscuits', '489-095-0395', '63 2nd street'),
  ('Tasty Baking Company', '389-095-9304', '630 12th street');

INSERT INTO CUSTOMERS
VALUES ('1','Joe', 'Smith', 'joesmith@email.com', '100-000-0000','4321323454349999'), 
('2','John', 'Brown', 'johnbrown@email.com', '200-000-0000','4321323454349998'), 
('3','Brian', 'White', 'brianwhite@email.com', '300-000-0000','4321323454349997'), 
('4','Katie', 'Blue', 'katieblue@email.com', '400-000-0000','4321323454349996'), 
('5','Miles', 'Black', 'milesblack@email.com', '500-000-0000','4321323454349995'), 
('6','Brooke', 'Green', 'brookegreen@email.com', '600-000-0000','4321323454349994'), 
('7','Megan', 'Brown', 'meganbrown@email.com', '700-000-0000','4321323454349993'), 
('8','Jake', 'Red', 'jakered@email.com', '800-000-0000','4321323454349992'), 
('9','Andrew', 'Yellow', 'andrewyellow@email.com', '90-000-0000','4321323454349991'), 
('10','Sophie', 'Purple', 'sophiepurple@email.com', '110-000-0000','4321323454349990'),
('11','Maria', 'Grey', 'mariagrey@email.com', '120-000-0000','4321323454349989'), 
('12','Jason', 'Brown', 'jasonbrown@email.com', '130-000-0000','4321323454349988'), 
('13','Abby', 'Low', 'abbylow@email.com', '140-000-0000','4321323454349987'), 
('14','Anna', 'High', 'annahigh@email.com', '150-000-0000','4321323454349986'), 
('15','Hannah', 'Black', 'lilyblack@email.com', '160-000-0000','4321323454349985'), 
('16','Emily', 'Smith', 'emilysmith@email.com', '170-000-0000','4321323454349984'), 
('17','Jack', 'Reed', 'jackreed@email.com', '180-000-0000','4321323454349983'), 
('18','Danielle', 'Blue', 'danielleblue@email.com', '190-000-0000','4321323454349982'), 
('19','Jason', 'High', 'jasonhigh@email.com', '200-000-0000','4321323454349981'), 
('20','Jim', 'Blake', 'jimblake@email.com', '210-000-0000','4321323454349980')

INSERT INTO MANAGERS
VALUES ('1','John','Deer','johnd@email.com','211-111-1111','1990-01-01','122-23-2222','2011-01-01'), 
('2','Joe','Dog','joedog@email.com','212-111-1111','1988-01-01','232-23-2222','2012-01-01'), 
('3','Adam','Cat','adamcat@email.com','213-111-1111','1988-01-01','422-23-2222','2010-01-01'), 
('4','Aaron','Snake','aarons@email.com','214-111-1111','1980-01-01','522-23-2222','2010-01-01'), 
('5','Tony','Spider','tonys@email.com','215-111-1111','1985-01-01','622-23-2222','2014-01-01'), 
('6','Arthur','Fly','arthurf@email.com','216-111-1111','1987-01-01','722-23-2222','2017-01-01'), 
('7','Andrew','Sky','andrews@email.com','217-111-1111','1988-01-01','822-23-2222','2018-01-01'), 
('8','Austin','High','austinhigh@email.com','218-111-1111','1989-01-01','922-23-2222','2015-01-01'), 
('9','Mike','Smith','mikesmith@email.com','219-111-1111','1987-01-01','272-23-2222','2015-01-01'), 
('10','Michael','Low','michaellow@email.com','211-911-1111','1987-01-01','242-23-2222','2010-01-01'), 
('11','Mitch','Williams','mitchwilliams@email.com','211-211-1111','1990-01-01','262-23-2222','2017-01-01'), 
('12','Macy','Blue','macyb@email.com','211-118-1111','1990-01-01','292-23-2222','2013-01-01'), 
('13','Stacy','Red','staceyr@email.com','211-511-1111','1991-01-01','222-93-2222','2010-01-01'), 
('14','Tracey','Green','traceyg@email.com','251-111-1111','1992-01-01','229-23-2222','2013-01-01'), 
('15','Lea','Yellow','leay@email.com','211-115-1111','1990-01-01','222-23-2292','2014-01-01'), 
('16','Kara','Clear','karac@email.com','211-181-1111','1990-01-01','222-23-9242','2016-01-01'), 
('17','Mara','Sunny','marasunny@email.com','291-111-1111','1991-01-01','222-23-9222','2016-01-01'), 
('18','Lisa','Monday','lisam@email.com','211-111-8111','1990-01-01','222-23-2229','2011-01-01'), 
('19','Meg','Tuesday','megt@email.com','211-111-1811','1991-01-01','277-23-2222','2011-01-01'), 
('20','Jack','Friday','jackf@email.com','211-111-1911','1992-01-01','288-23-2222','2012-01-01')

insert into LOCATIONS
values ('CheckoutCooler')

INSERT INTO PRODUCTS
VALUES ('74570014002', 'Chocolate', 'pint', 'Nestle', 5.49, 8), ('74570014003', 'Vanilla', 'pint', 'Nestle', 5.49, 9)


insert into ORDERS
values ('38375', '05:13:33','cash', '1'), ('38374', '01:13:36','cash', '2'),
('38355', '03:25:34','card', '3'), ('38366', '02:03:57','cash', '4'), 
('38344', '04:16:34','card', '6'), ('38378', '05:17:43','cash', '5'), 
('38333', '06:15:39','card', '7'), ('38387', '05:15:53','cash', '8'),
('38323', '02:13:33','cash', '12'), ('38374', '04:53:63','card', '9'),
('38343', '08:13:33','cash', '13'), ('38374', '04:43:43','card', '10'),
('38365', '07:13:55','card', '14'), ('38374', '07:23:36','cash', '11'),
('38377', '04:53:56','card', '15'), ('38374', '01:13:33','cash', '18'), 
('38371', '01:43:33','cash', '16'), ('38374', '01:13:33','cash', '19'), 
('38321', '07:23:59','cash', '17'), ('38374', '01:13:33','cash', '20');


insert into BRAND_MAKERS
values ('Nestle', 'Haagen-Dazs'),
('Nestle', 'Gerber'),
('Keebler Company', 'Cheez It'),
('Keebler Company', 'Famous Amos'),
('Gilliam Candy Company', 'Kits'),
('Unites Biscuits', 'McVite''s'),
 ('British Bakeries', 'Mother''s Pride'),
 ('Flowers Foods', 'Nature''s Own'),
  ('Tasty Baking Company', 'Tastykake'),
  ('Flowers Foods', 'Wonder Bread'),
  ('Dunkin Brands', 'Baskin Robbins'),
  ('Washburn-Crosby Company', 'Betty Crocker'),
  ('Krispy Kreme Doughnuts, Inc', 'Krispy Kreme'),
  ('McVitie''s', 'Mars Muffin'),
  ('Nabisco', 'Chips Ahoy!'),
  ('Nabisco', 'Oreo'),
  ('Nabisco', 'Ritz'),
  ('Nabisco', 'Wheat Thins'),
  ('Nabisco', 'Teddy Grahams'),
  ('Nabisco', 'Triscuits'),
  ('Nabisco', 'Belvita');

INSERT INTO TAGGED_PRODUCTS
VALUES('74570014002','Frozen'),
  ('74570014003', 'Frozen'),
  ('74570014002','Vegatrian'),
  ('74570014322','Frozen'),
  ('63726384982', 'Meat'),
  ('63726384982', 'Gluten Free'),
  ('63726384982', 'Beef'),
  ('63726384983', 'Meat'),
  ('63726384983', 'Gluten Free'),
  ('63726384983', 'Pork'),
  ('63726384984', 'Meat'),
  ('63726384984', 'Gluten Free'),
  ('63726384984', 'Lamb'),
  ('74570014002','Dessert'),
  ('74570014003','Dessert'),
  ('47589374859', 'Fruit'),
  ('47589374859', 'Vegatrian'),
  ('47589374859', 'Gluten Free'),
  ('47589374859', 'Produce'),
  ('47589374851', 'Fruit'),
  ('47589374851', 'Vegatrian');
  
INSERT INTO CERT_PRODUCTS
VALUES('74570014002','Vegetarian')

INSERT INTO DIST_PRODUCTS
VALUES('1','74570014002', 4.57),
('2','37283746589',8.98),
('3','47384657830',5.09),
('4','46372890763',13.98),
('5','67256354782', 12.09),
('6','1676534289', 8.69),
('7','27654378906', 3.98),
('8','8763452789',6.98),
('9', '7364518906',1.90),
('10', '456289187',2.98),
('11','47362897456',12.98),
('12','16354738756',4.98),
('13','5784673893',7.98),
('14','4783658395',8.90),
('15','46364536874',17.98),
('16','17364884759',8.89),
('17','46783746578',9.98),
('18', '57849567431',8.76),
('19', '46736289572',9.09),
('20','26736478917',8.99);
INSERT INTO EMPLOYEES
VALUES ('1','Nick','Brown','nickbrown@email.com','211-119-1111','1988-02-01','222-23-2220','2010-01-12', '1'), 
('2','John','Black','johnblack@email.com','211-119-1112','1990-04-01','222-23-2221','2012-02-08', '1'), 
('3','Nate','Smith','natesmith@email.com','211-119-1113','1987-02-02','222-23-2222','2013-03-05', '1'), 
('4','Robert','Blue','robertblue@email.com','211-119-1114','1986-03-05','222-23-2223','2011-04-06', '2'), 
('5','Katie','Green','katiegreen@email.com','211-119-1115','1985-04-07','222-23-2224','2014-05-07', '2'), 
('6','Ellie','Red','elliered@email.com','211-119-1116','1989-03-08','222-23-2225','2015-05-09', '2'), 
('7','Jenna','Willaims','jennaw@email.com','211-119-1117','1988-01-01','222-23-2226','2015-05-04', '3'), 
('8','Sara','Johnson','saraj@email.com','211-119-1118','1987-08-09','222-23-2227','2017-06-05', '4'), 
('9','Bailey','Wills','baileyw@email.com','211-119-1119','1990-09-05','222-23-2228','2018-01-06', '4'), 
('10','Jack','Martin','jackm@email.com','211-119-1120','1990-06-04','222-23-2229','2019-07-03', '3'), 
('11','Jason','Brown','jasonb@email.com','211-119-1121','1990-07-06','222-23-2230','2014-01-04', '5'), 
('12','Todd','Moon','toddm@email.com','211-119-1122','1990-03-02','222-23-2231','2016-08-04', '6'), 
('13','Joe','Poll','joep@email.com','211-119-1123','1990-05-03','222-23-2232','2013-01-05', '6'), 
('14','Emma','Brown','emmab@email.com','211-119-1124','1988-02-04','222-23-2233','2009-09-08', '7'), 
('15','Sarah','Red','sarahr@email.com','211-119-1125','1989-01-04','222-23-2234','2009-07-09', '7'), 
('16','Lindsey','Blue','lindseyb@email.com','211-119-1126','1991-02-04','222-23-2235','2017-03-09', '8'), 
('17','Patrick','Reed','patrickr@email.com','211-119-1127','1990-02-05','222-23-2236','2013-06-09', '8'), 
('18','Kyle','Wright','kylew@email.com','211-119-1128','1988-10-01','222-23-2237','2013-01-09', '2'), 
('19','Tyler','Smith','tylers@email.com','211-119-1129','1990-12-12','222-23-2238','2012-07-03', '4'), 
('20','Cat','Dog','catdog@email.com','211-119-1130','1988-12-11','222-23-2239','2011-01-05', '1')

insert into LOCATION_PRODUCTS
values ('74570014002','CheckoutCooler','left','top',4,null)
insert into COUPONS
values ('2749274638', 1);
insert into ORDERED_PRODUCTS
values ('38374','74570014002', 2, '2749274638')
insert into IN_PERSON
values ('1','38374') 
